Title,Section,Idea/Concept,Excerpts,Interpretation,Pages,Citation,Use in Essay
The Sensitivity of Hyporheic Exchange to Fractal Properties of Riverbeds,Introduction,Fractal nature of riverbeds,"Given that riverbeds are usually fractals, this aspect of hyporheic exchange deserves further attention.","Riverbeds typically have fractal properties, and understanding these properties is important for studying hyporheic exchange.",2,"(Lee & Cardenas, 2020)",Used to establish the importance of considering fractal properties in hyporheic exchange studies.
The Sensitivity of Hyporheic Exchange to Fractal Properties of Riverbeds,Methods,Numerical simulations,"Numerical simulations were used to analyze synthetic fractal riverbeds, with both surface flow and hyporheic flow modeled sequentially.",The study used computer models to simulate how water flows over and through riverbeds with fractal topographies.,4,"(Lee & Cardenas, 2020)",Used to explain the methodology behind the study's findings on hyporheic exchange.
The Sensitivity of Hyporheic Exchange to Fractal Properties of Riverbeds,Results,Sensitivity to fractal dimension,Hyporheic exchange is more sensitive to additional roughness (larger fractal dimensions) than to bedform size (larger maximum power).,The roughness of the riverbed has a greater effect on water exchange than the size of the bedforms.,1,"(Lee & Cardenas, 2020)",Used to highlight the key finding that fractal dimension significantly influences hyporheic exchange.
The Sensitivity of Hyporheic Exchange to Fractal Properties of Riverbeds,Discussion,Multiscale bedforms control exchange,Our findings are consistent with previous studies on the effect of multiscale bedforms on hyporheic exchange... showing that smaller‐scale features tend to control the surface/subsurface water exchange in fractal landscapes.,Smaller features on the riverbed surface are important in controlling how water exchanges between the river and the subsurface.,11,"(Lee & Cardenas, 2020)",Used to support the argument that smaller-scale features are crucial in hyporheic exchange dynamics.
The Sensitivity of Hyporheic Exchange to Fractal Properties of Riverbeds,Conclusion,Predictive potential,"The results can inform a number of critical processes, such as biological filtering... Given the riverbed topography, it is possible to use our approach to predict hyporheic exchange and thus constrain the associated biogeochemical processing under different topographies.",Understanding the fractal nature of riverbeds can help predict how water exchanges and how biogeochemical processes occur.,14,"(Lee & Cardenas, 2020)",Used to conclude on the importance of fractal properties in predicting hyporheic exchange and biogeochemical processes.
Power-law Residence Time Distribution in the Hyporheic Zone,Introduction,Power-law distribution,"The residence time distribution has a very long tail which scales as \( t^{-1.28} \), and is poorly characterized by an exponential model.","Residence time distributions in the hyporheic zone follow a power-law, indicating a broad range of timescales.",1,"(Haggerty et al., 2002)",Used to establish the power-law nature of residence times.
Power-law Residence Time Distribution in the Hyporheic Zone,Methods,Measurement of residence times,We measured hyporheic residence time distribution in a 2nd-order mountain stream.,The study measured how long water stays in the hyporheic zone of a mountain stream.,2,"(Haggerty et al., 2002)",Used to explain the methodology for measuring residence times.
Power-law Residence Time Distribution in the Hyporheic Zone,Results,Scale invariance,"Consequently, attempts to describe the hyporheic zone with a mean residence time will produce estimates that scale with characteristic channel residence time.",Describing the hyporheic zone with a single mean residence time is inadequate due to scaling properties.,3,"(Haggerty et al., 2002)",Used to highlight the scale invariance of residence times.
Power-law Residence Time Distribution in the Hyporheic Zone,Discussion,Long-term storage and release,The hyporheic zone may contribute to short-time fractal scaling in time series of solute concentrations observed in small-watershed studies.,The hyporheic zone impacts solute concentrations over time due to long-term storage and delayed release.,4,"(Haggerty et al., 2002)",Used to support the impact of hyporheic exchange on solute transport.
Power-law Residence Time Distribution in the Hyporheic Zone,Conclusion,Biogeochemical transformations,Significant quantities of water and solutes are stored over long timescales in the hyporheic zone.,"The hyporheic zone stores water and solutes for extended periods, affecting biogeochemical processes.",5,"(Haggerty et al., 2002)",Used to conclude on the role of hyporheic exchange in biogeochemical transformations.
Hyporheic Flow and Residence Time Distributions in Heterogeneous Cross-bedded Sediment,Introduction,Permeability heterogeneity,The permeability heterogeneity of cross-bedded sediment increases path lengths of river-groundwater mixing (hyporheic exchange) in riverbeds and modifies the distribution of residence times.,Variations in sediment permeability affect the flow paths and residence times of hyporheic exchange.,1,"(Sawyer & Cardenas, 2009)",Used to establish the role of permeability heterogeneity in hyporheic exchange.
Hyporheic Flow and Residence Time Distributions in Heterogeneous Cross-bedded Sediment,Methods,Experimental setup,Experiments were conducted to measure hyporheic flow and residence times in heterogeneous cross-bedded sediments.,The study setup involved experiments to measure how water moves and stays in cross-bedded sediments.,2,"(Sawyer & Cardenas, 2009)",Used to describe the experimental methods used in the study.
Hyporheic Flow and Residence Time Distributions in Heterogeneous Cross-bedded Sediment,Results,Power-law residence times,The tails of residence time distributions extend for tens of years and conform to a power law in both heterogeneous and homogeneous sediment.,Residence times in both heterogeneous and homogeneous sediments follow a power-law distribution.,3,"(Sawyer & Cardenas, 2009)",Used to highlight the power-law nature of residence times in different sediments.
Hyporheic Flow and Residence Time Distributions in Heterogeneous Cross-bedded Sediment,Discussion,Current-bed form interactions,"Current–bed form interactions are responsible for the long tails, as opposed to permeability heterogeneity.",The shape and interaction of bedforms drive the long tails in residence time distributions.,4,"(Sawyer & Cardenas, 2009)",Used to explain the role of bedform interactions in residence times.
Hyporheic Flow and Residence Time Distributions in Heterogeneous Cross-bedded Sediment,Conclusion,Influence of bedform geometry,The permeability heterogeneity of cross-bedded sediment creates long hyporheic exchange paths and modifies residence time distributions.,Variations in permeability and bedform shape significantly affect the dynamics of hyporheic exchange.,5,"(Sawyer & Cardenas, 2009)",Used to conclude on the impact of bedform geometry and permeability on hyporheic exchange.
Residence Time of Bedform-driven Hyporheic Exchange,Introduction,Bedform geometry,Bedform-driven hyporheic exchange significantly affects residence times.,The shape and size of bedforms play a crucial role in determining how long water stays in the hyporheic zone.,1,"(Bayani Cardenas et al., 2008)",Used to establish the importance of bedform geometry in hyporheic exchange.
Residence Time of Bedform-driven Hyporheic Exchange,Methods,Numerical simulations,We used numerical simulations to explore the effects of bedform geometry on hyporheic exchange.,The study utilized computational models to investigate the impact of bedform shapes on hyporheic flow.,2,"(Bayani Cardenas et al., 2008)",Used to describe the methodology for simulating bedform effects.
Residence Time of Bedform-driven Hyporheic Exchange,Results,Power-law behaviors,Residence time distributions in bedform-driven hyporheic exchange exhibit power-law behaviors.,The study found that residence times follow a power-law distribution in the presence of bedforms.,3,"(Bayani Cardenas et al., 2008)",Used to highlight the power-law distribution of residence times influenced by bedforms.
Residence Time of Bedform-driven Hyporheic Exchange,Discussion,Impact of bedform shape,Different bedform shapes significantly influence residence times.,The specific geometry of bedforms alters the residence time of water in the hyporheic zone.,4,"(Bayani Cardenas et al., 2008)",Used to explain how bedform shapes impact residence times.
Residence Time of Bedform-driven Hyporheic Exchange,Conclusion,Importance of physical structures,Bedform geometry plays a crucial role in determining residence times and hyporheic exchange dynamics.,"Physical features of the riverbed, such as bedforms, are key determinants of hyporheic exchange.",5,"(Bayani Cardenas et al., 2008)",Used to conclude on the significance of bedform geometry in hyporheic exchange.
The Imprint of Climate and Geology on the Residence Times of Groundwater,Introduction,Influence of climate and geology,The imprint of climate and geology on groundwater residence times is significant and varies across regions.,Climate and geology have a major impact on how long water stays in the ground across different areas.,1,"(Maxwell et al., 2016)",Used to establish the importance of considering climate and geology in residence time studies.
The Imprint of Climate and Geology on the Residence Times of Groundwater,Methods,Continental scale modeling,We modeled groundwater residence times at a continental scale to understand the impact of climate and geology.,The study used large-scale models to analyze how climate and geological factors affect residence times.,2,"(Maxwell et al., 2016)",Used to describe the methodology for large-scale modeling of residence times.
The Imprint of Climate and Geology on the Residence Times of Groundwater,Results,Impact of aridity,Aridity determines the water table depth and the frequency of shorter flow paths.,"Drier climates lead to deeper water tables and fewer short flow paths, while wetter climates have more local flow paths.",3,"(Maxwell et al., 2016)",Used to explain the impact of aridity on water table dynamics.
The Imprint of Climate and Geology on the Residence Times of Groundwater,Discussion,Water table dynamics,"In humid basins, the water table follows the fractal topography more closely, leading to greater local flow paths and stagnation points.","In wetter areas, the water table's shape closely matches the surface topography, increasing the complexity of flow paths.",4,"(Maxwell et al., 2016)",Used to highlight how humid climates affect water table and flow path complexity.
The Imprint of Climate and Geology on the Residence Times of Groundwater,Conclusion,Geological controls,"Simple water-table geometries in homogeneous materials can exhibit fractal behaviors, and heterogeneity in hydraulic conductivity can amplify these fractal signals.","Both simple and complex geological structures can show fractal properties, influencing groundwater flow.",5,"(Maxwell et al., 2016)",Used to conclude on the geological controls influencing fractal behaviors in groundwater flow.